companyname,companywebsite,companyemaildomain,linkedincompanypageurl,stocksymbol,industry,city,state,companycountry,zipcode
BEAT Music Fund,beatmusicfund.com,,,,,,,,
beatBread,beatbread.com,,https://www.linkedin.com/company/beatbread/,,,,,,
Bella Figura Music,bellafiguramusic.com,,https://www.linkedin.com/company/bellafiguramusic/,,,,,,
Beyond Music,beyondmusic.io,,,,,,,,
CTM Outlander,ctm.nl,,https://www.linkedin.com/company/5130506/,,,,,,
Duetti,duetti.co,,https://www.linkedin.com/company/duetti/,,,,,,
Firebird Music,firebirdmusic.com,,https://www.linkedin.com/company/wearefirebird/,,,,,,
GoldState Music,goldstate.com,,,,,,,,
HarbourView Equity Partners,harbourviewequity.com,,https://www.linkedin.com/company/harbourview/,,,,,,
Influence Media Partners,influencemediapartners.com,,https://www.linkedin.com/company/influence-media-partners,,,,,,
Litmus Music,litmusmusic.com,,,,,,,,
Lyric Capital Group,lyriccapitalgroup.com,,https://www.linkedin.com/company/lyriccapitalgroup,,,,,,
Multimedia Music,multimediamusic.com,,,,,,,,
MusicBird,musicbird.com,,,,,,,,
Pophouse,pophouse.se,,,,,,,,
Pythagoras Music Fund,pythagorasmusicfund.com,,https://www.linkedin.com/company/pythagoras-music-fund/,,,,,,
Rezonate Music Rights,rezonatemusicrights.com,,https://www.linkedin.com/company/rezonate-music-rights/,,,,,,
Round Hill Music,roundhillmusic.com,,,,,,,,
Royalty Access Studio,royaltyaccessstudio.com,,,,,,,,
Shamrock Capital,shamrockcap.com,,,,,,,,
SNAFU,snafurecords.com,,,,,,,,
Sound Royalties,soundroyalties.com,,,,,,,,
EICO Music Fund,eicofunds.com,,https://www.linkedin.com/company/eico-funds-sicav-plc/,,,,,,
22D Music Group,22dmusic.com,,https://www.linkedin.com/company/22d-music-group/,,,,,,
ALIBI Music,alibimusic.com,,,,,,,,
Anthem Entertainment,anthem.music,,https://www.linkedin.com/company/anthementertainmentgroup/,,,,,,
Audio Network,audionetwork.com,,https://www.linkedin.com/company/536154/,,,,,,
BAM Music,bammusic.com,,,,,,,,
BMG Production Music,bmgproductionmusic.com,,,,,,,,
Cavendish Music,cavendishmusic.com,,,,,,,,
Cinq Music Group,cinqmusic.com,,https://www.linkedin.com/company/cinq-music/,,,,,,
Cutting Edge Group,cuttingedgegroup.com,,https://www.linkedin.com/company/cutting-edge-media-music/,,,,,,
Epidemic Sound,epidemicsound.com,,https://www.linkedin.com/company/epidemic-sound/,,,,,,
Extreme Music,extrememusic.com,,,,,,,,
Iconic Artists Group,iconicartistsgroup.com,,,,,,,,
Nippon Television Music,ntvm.co.jp,,,,,,,,
One Media iP Group,omip.co.uk,,,,,,,,
Phoenix Music International,phoenixmusicinternational.com,,,,,,,,
Position Music,positionmusic.com,,,,,,,,
Primary Wave,primarywave.com,,,,,,,,
Reservoir Media,reservoir-media.com,,,,,,,,
Seeker Music,seekermusic.com,,https://www.linkedin.com/company/seeker-music/,,,,,,
Silva Screen Music Group,silvascreen.com,,,,,,,,
Sonoton,sonoton.com,,https://www.linkedin.com/company/sonoton/,,,,,,
Spirit Music Group,spirit.music,,https://www.linkedin.com/company/spirit-music/,,,,,,
The Royalty Network,roynet.com,,https://www.linkedin.com/company/3487220/,,,,,,
Universal Production Music,universalproductionmusic.com,,https://www.linkedin.com/company/universal-production-music/,,,,,,
Vanacore Music,vanacoremusic.com,,https://www.linkedin.com/company/vanacore-music/,,,,,,
Warner Chappell Production Music,warnerchappellpm.com,,https://www.linkedin.com/company/2655442/,,,,,,
West One Music Group,westonemusic.com,,https://www.linkedin.com/company/west-one-music-group/,,,,,,
Raleigh Music Group,raleighmusicgroup.com,,https://www.linkedin.com/company/raleigh-music-group/,,,,,,
MNP Music Fund,mnpmusicfund.com,,,,,,,,
Larrosa,larrosa.pro,,,,,,,,
Gallo Music Group,gallo.africa,,,,,,,,
4 Elements Music,4elementsmusic.com,,,,,,,,
Intervox Production Music,intervox.de,,https://www.linkedin.com/company/intervox-production-music/,,,,,,
11 One/Music,11onemusic.com,,https://www.linkedin.com/company/11-one-music,,,,,,
VideoHelper,videohelper.com,,,,,,,,
Rotana Music Group,rotanamusic.com,,https://www.linkedin.com/company/rotana-music/,,,,,,
Demon Music Group,demonmusicgroup.co.uk,,,,,,,,
DiPiú Music,dipiumusic.com,,,,,,,,
Megatrax,megatrax.com,,https://www.linkedin.com/company/megatrax-production-music,,,,,,
Konsonant Music,konsonant.com,,,,,,,,
Audiomachine,audiomachine.com,,,,,,,,
Strike Audio,strikeaudio.com,,https://www.linkedin.com/company/strike-audio/,,,,,,
In The Groove Music,inthegroovemusic.com,,https://www.linkedin.com/company/inthegroovemusic,,,,,,
101 Music,101.audio,,https://www.linkedin.com/company/101-music-pty-ltd%C2%AE/,,,,,,
Tempo Music,tempomusic.com,,https://www.linkedin.com/company/tempomusic/,,,,,,
