source_path,package_path,source_sha256,import_sha256,change
integrations/linkedin/2026-09-13-music-executive-combined.csv,companies/2026-09-13-music-executive-combined.csv,57d0a5dad9782a07747b81cc4afca578a894f0fbf88fc9679fd31193ae74f4d8,57d0a5dad9782a07747b81cc4afca578a894f0fbf88fc9679fd31193ae74f4d8,copied
integrations/linkedin/2026-09-13-music-executive-decision-makers.csv,companies/2026-09-13-music-executive-decision-makers.csv,c0b6ac0f0abcbb0adf0e1a730016dd281014d17d4477118e7b2581e6043b569d,c0b6ac0f0abcbb0adf0e1a730016dd281014d17d4477118e7b2581e6043b569d,copied
integrations/linkedin/2026-09-13-music-executive-evidence.csv,companies/2026-09-13-music-executive-evidence.csv,cf4d8a1cae5f3f2e1899847b57f7bb5816b007e64653d6265daa3c4a99073aa5,cf4d8a1cae5f3f2e1899847b57f7bb5816b007e64653d6265daa3c4a99073aa5,copied
integrations/linkedin/2026-09-13-music-executive-funds.csv,companies/2026-09-13-music-executive-funds.csv,aa0c638e132c9ec547654589177ee50f86cca8e13a1ea9933cd45527b4862f47,aa0c638e132c9ec547654589177ee50f86cca8e13a1ea9933cd45527b4862f47,copied
integrations/linkedin/2026-09-13-music-executive-institutional.csv,companies/2026-09-13-music-executive-institutional.csv,fb564f5cfae19c817b8e74e0770c32808413e163f7f9cb51d2387e1222af462c,fb564f5cfae19c817b8e74e0770c32808413e163f7f9cb51d2387e1222af462c,copied
integrations/linkedin/2026-09-13-music-executive-operators.csv,companies/2026-09-13-music-executive-operators.csv,79b5a3f83ca502239a80124cd9c5c4ea05933b1315d1e7f38ea7428cb1e970ec,79b5a3f83ca502239a80124cd9c5c4ea05933b1315d1e7f38ea7428cb1e970ec,copied
integrations/linkedin/2026-09-13-music-executive-podcast-map.csv,companies/2026-09-13-music-executive-podcast-map.csv,b7b2c6c76d1690387e7137f8268c64c8ce7f19c9c28d8a7c3a425b5b5faa0228,c6fb5a8d7470ba150268dcabc3ece281f8afac3e3a0e9dfebcbf90aac766a4c5,portable paths or handoff wording
integrations/linkedin/2026-09-13-music-executive-priority.csv,companies/2026-09-13-music-executive-priority.csv,79574b19f4b9be5cbe278aea76a31190a393411e38f876acb7d781623db3f721,79574b19f4b9be5cbe278aea76a31190a393411e38f876acb7d781623db3f721,copied
integrations/linkedin/2026-09-13-music-executive-relationships.csv,companies/2026-09-13-music-executive-relationships.csv,b6a4431c779f4f57f9c90f976cad51d5c5669321932c9c911d48c95c67c3fc19,b6a4431c779f4f57f9c90f976cad51d5c5669321932c9c911d48c95c67c3fc19,copied
integrations/linkedin/2026-09-13-music-executive-rightsholders.csv,companies/2026-09-13-music-executive-rightsholders.csv,72ba1d6e4dff122fd28f307988cc8db0663c52c700df54ee6c925ef806021fa7,72ba1d6e4dff122fd28f307988cc8db0663c52c700df54ee6c925ef806021fa7,copied
integrations/linkedin/2026-09-13-music-executive-audience.md,companies/2026-09-13-music-executive-audience.md,ebbeaf8e4083d75fd8f458bd713d6e7f1dc6d78cb68e0a9771dff1627cc15c6e,cb2bcc7ddf5593b6f5b3f2146ca1b3a16ebd3a6cb8141b0f566ad7c80c75daa5,portable paths or handoff wording
integrations/linkedin/_work/build_company_audience.py,scripts/build_company_audience.py,ecc252358c01e0349eaa6b7e03bdeec707211daca9398395338ff0f93a6b59b8,ecc252358c01e0349eaa6b7e03bdeec707211daca9398395338ff0f93a6b59b8,copied
library/playbooks/music-moneyball/raw/episode-index.json,podcast/raw/episode-index.json,8852cd9834e34c3892e4d758654d849707ee230d7b9c51ca14037a023143ec7e,8852cd9834e34c3892e4d758654d849707ee230d7b9c51ca14037a023143ec7e,copied
library/playbooks/music-moneyball/raw/harvest_questions.py,podcast/raw/harvest_questions.py,285eea0d6f3b9e3301b65248b71780a1cf051e1b3267d77bfb1d2a343924271a,285eea0d6f3b9e3301b65248b71780a1cf051e1b3267d77bfb1d2a343924271a,copied
library/playbooks/music-moneyball/raw/harvested-questions.md,podcast/raw/harvested-questions.md,4857c0f11aafd5b0c69bcb9258c6d7cd46345d84f987f06d0aa2c17da1038692,4857c0f11aafd5b0c69bcb9258c6d7cd46345d84f987f06d0aa2c17da1038692,copied
library/playbooks/music-moneyball/raw/ingest.py,podcast/raw/ingest.py,213bc41c2dfc67d5b69d8ce63bcb79d431df07a04b6fa920b2bd4619fd4b2143,213bc41c2dfc67d5b69d8ce63bcb79d431df07a04b6fa920b2bd4619fd4b2143,copied
library/playbooks/music-moneyball/raw/rss.xml,podcast/raw/rss.xml,73d1f811d8492f227b088cdc7d2087788d01af89e14558c28d1fb99ea349948a,73d1f811d8492f227b088cdc7d2087788d01af89e14558c28d1fb99ea349948a,copied
library/playbooks/music-moneyball/raw/transcribe.py,podcast/raw/transcribe.py,46a6ff136f7bec1297d3e8aa10fc40c085a521e67d747370c0af08a92dd29fbe,46a6ff136f7bec1297d3e8aa10fc40c085a521e67d747370c0af08a92dd29fbe,copied
library/playbooks/music-moneyball/raw/transcripts/01-2025-10-29-how-the-smartest-buyers-are-valuing-music-catalogs-in-2025-w-sachin-saggar.txt,podcast/raw/transcripts/01-2025-10-29-how-the-smartest-buyers-are-valuing-music-catalogs-in-2025-w-sachin-saggar.txt,8a03b9e3a7fb9c50d31ff01b902149ff633eef4b3c0025e0396b78321d1a9238,8a03b9e3a7fb9c50d31ff01b902149ff633eef4b3c0025e0396b78321d1a9238,copied
library/playbooks/music-moneyball/raw/transcripts/02-2025-11-11-the-untapped-upside-in-music-catalog-operations-w-henry-marsden.txt,podcast/raw/transcripts/02-2025-11-11-the-untapped-upside-in-music-catalog-operations-w-henry-marsden.txt,cd4938ccb966a0d4fb39f4152f4e9b4dc6b2ffac40952c3d75e1e86ecdb9e552,cd4938ccb966a0d4fb39f4152f4e9b4dc6b2ffac40952c3d75e1e86ecdb9e552,copied
library/playbooks/music-moneyball/raw/transcripts/03-2025-11-25-why-music-rights-deals-are-getting-smarter-w-michael-poster.txt,podcast/raw/transcripts/03-2025-11-25-why-music-rights-deals-are-getting-smarter-w-michael-poster.txt,266c661b9c45c0d57a4810860a4c8a274382ceb012c2f3d0e6d6d7722995aac2,266c661b9c45c0d57a4810860a4c8a274382ceb012c2f3d0e6d6d7722995aac2,copied
library/playbooks/music-moneyball/raw/transcripts/04-2025-12-02-building-an-operational-edge-in-overlooked-rights-w-tom-tyler.txt,podcast/raw/transcripts/04-2025-12-02-building-an-operational-edge-in-overlooked-rights-w-tom-tyler.txt,687ae34cb2e4df911fbb5a6c539ab778eefc7be7ace3ec827a1d991c57e62500,687ae34cb2e4df911fbb5a6c539ab778eefc7be7ace3ec827a1d991c57e62500,copied
library/playbooks/music-moneyball/raw/transcripts/05-2025-12-10-why-ai-is-about-to-break-the-music-valuation-model-w-benji-rogers.txt,podcast/raw/transcripts/05-2025-12-10-why-ai-is-about-to-break-the-music-valuation-model-w-benji-rogers.txt,e3294a8351ffa20dc3433c386cfc1f83847dd4caf441fb4b97c747e91510fbc0,e3294a8351ffa20dc3433c386cfc1f83847dd4caf441fb4b97c747e91510fbc0,copied
library/playbooks/music-moneyball/raw/transcripts/06-2025-12-16-reactivating-icons-the-bing-crosby-holiday-playbook-w-primary-waves-adam-lowenbe.txt,podcast/raw/transcripts/06-2025-12-16-reactivating-icons-the-bing-crosby-holiday-playbook-w-primary-waves-adam-lowenbe.txt,9c571a2c90a9896d14cefec9a6552e96d0a6650a90e367c122844a2cff085409,9c571a2c90a9896d14cefec9a6552e96d0a6650a90e367c122844a2cff085409,copied
library/playbooks/music-moneyball/raw/transcripts/07-2026-01-06-why-discipline-beats-hype-in-music-rights-investing-w-golnar-khosrowshahi.txt,podcast/raw/transcripts/07-2026-01-06-why-discipline-beats-hype-in-music-rights-investing-w-golnar-khosrowshahi.txt,46b319eddfcc80885fbd34d4604378543c9afdade1305ef71c1ae9771697a0f3,46b319eddfcc80885fbd34d4604378543c9afdade1305ef71c1ae9771697a0f3,copied
library/playbooks/music-moneyball/raw/transcripts/08-2026-01-21-music-fastball-introducing-the-catalog-maturity-curve.txt,podcast/raw/transcripts/08-2026-01-21-music-fastball-introducing-the-catalog-maturity-curve.txt,c522b3658a3582806ee042c0ca24f4bf0fa405c8bdf90954a82b3476e59dd480,c522b3658a3582806ee042c0ca24f4bf0fa405c8bdf90954a82b3476e59dd480,copied
library/playbooks/music-moneyball/raw/transcripts/09-2026-01-27-what-institutional-capital-looks-for-in-music-rights-w-brian-richards.txt,podcast/raw/transcripts/09-2026-01-27-what-institutional-capital-looks-for-in-music-rights-w-brian-richards.txt,a62c510f13f56caee58ae26a9b1e7af870af354a1df2174aa97f80545df8ba9d,a62c510f13f56caee58ae26a9b1e7af870af354a1df2174aa97f80545df8ba9d,copied
library/playbooks/music-moneyball/raw/transcripts/10-2026-02-03-music-fastball-where-music-catalog-valuation-breaks-down-w-alaister-moughan.txt,podcast/raw/transcripts/10-2026-02-03-music-fastball-where-music-catalog-valuation-breaks-down-w-alaister-moughan.txt,c8e6858c58aa93ca040e9cf7c48f7d950714729497c8735d356389d2c57bf979,c8e6858c58aa93ca040e9cf7c48f7d950714729497c8735d356389d2c57bf979,copied
library/playbooks/music-moneyball/raw/transcripts/11-2026-02-10-inside-the-m-g-x-seeker-partnership-where-capital-meets-creativity-w-ciaran-mull.txt,podcast/raw/transcripts/11-2026-02-10-inside-the-m-g-x-seeker-partnership-where-capital-meets-creativity-w-ciaran-mull.txt,ee4c6828b03627bcd5555a278afe9e6acc62488b51f303c860f856e9c95c72f5,ee4c6828b03627bcd5555a278afe9e6acc62488b51f303c860f856e9c95c72f5,copied
library/playbooks/music-moneyball/raw/transcripts/12-2026-02-17-music-fastball-a-3-step-approach-for-prioritizing-data-investment.txt,podcast/raw/transcripts/12-2026-02-17-music-fastball-a-3-step-approach-for-prioritizing-data-investment.txt,b55505f1d7648c1562780041eba68262bb2b13f5229e73736fd5705bdcf5bcd2,b55505f1d7648c1562780041eba68262bb2b13f5229e73736fd5705bdcf5bcd2,copied
library/playbooks/music-moneyball/raw/transcripts/13-2026-02-24-where-the-catalog-market-is-moving-next-w-cynthia-katz.txt,podcast/raw/transcripts/13-2026-02-24-where-the-catalog-market-is-moving-next-w-cynthia-katz.txt,f779e227fd8294c09b65b814343b35dc7712e4361392ab6530c951da8d88ecd2,f779e227fd8294c09b65b814343b35dc7712e4361392ab6530c951da8d88ecd2,copied
library/playbooks/music-moneyball/raw/transcripts/14-2026-03-10-how-cutting-edge-built-a-1bn-portfolio-in-overlooked-film-tv-music-w-tara-finega.txt,podcast/raw/transcripts/14-2026-03-10-how-cutting-edge-built-a-1bn-portfolio-in-overlooked-film-tv-music-w-tara-finega.txt,c09ad01ac7ffba159a23529f24fd5309adf580dc62439e51cc7fc4f7cc2ce193,c09ad01ac7ffba159a23529f24fd5309adf580dc62439e51cc7fc4f7cc2ce193,copied
library/playbooks/music-moneyball/raw/transcripts/15-2026-03-17-music-fastball-what-are-you-actually-buying-in-a-catalog-deal-w-cliff-fluet.txt,podcast/raw/transcripts/15-2026-03-17-music-fastball-what-are-you-actually-buying-in-a-catalog-deal-w-cliff-fluet.txt,c02b67805483120eb19e856d69101c58e249c9ad44cb79f24a42a5f00e02a158,c02b67805483120eb19e856d69101c58e249c9ad44cb79f24a42a5f00e02a158,copied
library/playbooks/music-moneyball/raw/transcripts/16-2026-03-24-music-fastball-building-a-repeatable-catalog-deal-process-w-cliff-fluet.txt,podcast/raw/transcripts/16-2026-03-24-music-fastball-building-a-repeatable-catalog-deal-process-w-cliff-fluet.txt,7c91f5ef722e9cb26216e149d863a5b9281cf9165eef697dc57d4ac0167d616b,7c91f5ef722e9cb26216e149d863a5b9281cf9165eef697dc57d4ac0167d616b,copied
library/playbooks/music-moneyball/raw/transcripts/17-2026-04-07-what-actually-makes-a-music-catalog-valuable-w-matt-herzfeld.txt,podcast/raw/transcripts/17-2026-04-07-what-actually-makes-a-music-catalog-valuable-w-matt-herzfeld.txt,89296e0b79fc9cc8d76d90fca0e0a836c6233131c89b477d488e261ddb26ca6a,89296e0b79fc9cc8d76d90fca0e0a836c6233131c89b477d488e261ddb26ca6a,copied
library/playbooks/music-moneyball/raw/transcripts/18-2026-04-14-music-fastball-unlocking-cheaper-capital-higher-multiples-w-firdaus-dawood-georg.txt,podcast/raw/transcripts/18-2026-04-14-music-fastball-unlocking-cheaper-capital-higher-multiples-w-firdaus-dawood-georg.txt,1c752c69d8afd50736db0785a19c4e10eb3243a957a696f506b3a0c741c98e98,1c752c69d8afd50736db0785a19c4e10eb3243a957a696f506b3a0c741c98e98,copied
library/playbooks/music-moneyball/raw/transcripts/19-2026-04-21-music-fastball-fixing-the-hidden-gaps-in-music-catalog-revenue-w-richard-hinkley.txt,podcast/raw/transcripts/19-2026-04-21-music-fastball-fixing-the-hidden-gaps-in-music-catalog-revenue-w-richard-hinkley.txt,18c7817f35839f8732ef73abc38ced6a5ba23c548a38d16bce026d620738536b,18c7817f35839f8732ef73abc38ced6a5ba23c548a38d16bce026d620738536b,copied
library/playbooks/music-moneyball/raw/transcripts/20-2026-05-05-why-music-catalogs-dont-fit-a-5-10-year-fund-model-w-josh-gruss.txt,podcast/raw/transcripts/20-2026-05-05-why-music-catalogs-dont-fit-a-5-10-year-fund-model-w-josh-gruss.txt,7837c50400db60beb21fbb546efa51e4552cf196b8efdc0ebb54f0370d416ab2,7837c50400db60beb21fbb546efa51e4552cf196b8efdc0ebb54f0370d416ab2,copied
library/playbooks/music-moneyball/raw/transcripts/21-2026-05-12-music-fastball-turning-passive-music-catalogs-into-active-revenue-w-ryan-hamilto.txt,podcast/raw/transcripts/21-2026-05-12-music-fastball-turning-passive-music-catalogs-into-active-revenue-w-ryan-hamilto.txt,dfb29b89f1e4652780bd6af7a272faa55d6dddf3a095b14186f99926a0f2be48,dfb29b89f1e4652780bd6af7a272faa55d6dddf3a095b14186f99926a0f2be48,copied
library/playbooks/music-moneyball/raw/transcripts/22-2026-05-26-music-moneyball-live-breaking-down-the-decay-curve-w-alex-bowler-sachin-saggar.txt,podcast/raw/transcripts/22-2026-05-26-music-moneyball-live-breaking-down-the-decay-curve-w-alex-bowler-sachin-saggar.txt,dfbc702b6b6392fe2b6462d1483f67d3a7f394b6e2fb7d0d2e497ab6f8a3d095,dfbc702b6b6392fe2b6462d1483f67d3a7f394b6e2fb7d0d2e497ab6f8a3d095,copied
library/playbooks/music-moneyball/raw/transcripts/23-2026-06-16-how-music-abs-is-reshaping-the-catalog-market-w-paul-sipio.txt,podcast/raw/transcripts/23-2026-06-16-how-music-abs-is-reshaping-the-catalog-market-w-paul-sipio.txt,3c65650db26ce7d447d1afdfe07a52c7a24f09737bf0b7a681abbb8fa59687a1,3c65650db26ce7d447d1afdfe07a52c7a24f09737bf0b7a681abbb8fa59687a1,copied
library/playbooks/music-moneyball/raw/transcripts/24-2026-06-23-why-pophouse-is-betting-big-on-artist-brands-w-natalia-fontecha-per-sundin.txt,podcast/raw/transcripts/24-2026-06-23-why-pophouse-is-betting-big-on-artist-brands-w-natalia-fontecha-per-sundin.txt,913d784f90569463b6c8e581e8e5b163a3bd7e27837b342f4787a9b5d1a49152,913d784f90569463b6c8e581e8e5b163a3bd7e27837b342f4787a9b5d1a49152,copied
library/playbooks/music-moneyball/raw/transcripts/25-2026-07-07-how-independent-artists-build-valuable-catalogs-w-jamie-dee-hart.txt,podcast/raw/transcripts/25-2026-07-07-how-independent-artists-build-valuable-catalogs-w-jamie-dee-hart.txt,13138b7af8ec8293845263837d7a871bb9640f3d4f0f37c3b9722aa6672840cb,13138b7af8ec8293845263837d7a871bb9640f3d4f0f37c3b9722aa6672840cb,copied
library/playbooks/music-moneyball/raw/transcripts/26-2026-08-04-music-fastball-how-to-find-streaming-upside-in-your-catalog-w-camille-jamet.txt,podcast/raw/transcripts/26-2026-08-04-music-fastball-how-to-find-streaming-upside-in-your-catalog-w-camille-jamet.txt,4fe2f772ca22115481ba607810b7a27b5e6f722fcb63255b734a7f3f57d17776,4fe2f772ca22115481ba607810b7a27b5e6f722fcb63255b734a7f3f57d17776,copied
library/playbooks/music-moneyball/raw/transcripts/27-2026-08-18-music-moneyball-x-musonomics-who-wins-after-the-catalog-gold-rush.txt,podcast/raw/transcripts/27-2026-08-18-music-moneyball-x-musonomics-who-wins-after-the-catalog-gold-rush.txt,b5ed2b7e625d5df796c08befafc2532cc779cd5c0a00497afa053c6689e14d7b,b5ed2b7e625d5df796c08befafc2532cc779cd5c0a00497afa053c6689e14d7b,copied
library/playbooks/music-moneyball/raw/transcripts/28-2026-09-08-the-duetti-engine-powering-music-investment-at-scale-w-lior-tibon.txt,podcast/raw/transcripts/28-2026-09-08-the-duetti-engine-powering-music-investment-at-scale-w-lior-tibon.txt,26b47bb827a70048c55602302b145856c76d9568818cb4d201f5b3899140d61d,26b47bb827a70048c55602302b145856c76d9568818cb4d201f5b3899140d61d,copied
library/playbooks/music-moneyball/guests/_index.md,podcast/guests/_index.md,01aa07db488848770d876ce76674e6d78b9b024880b9b63835fae509d693675c,46bd07ed15a7addf40030479e441fa78bca381244694e705af922dda5a398627,portable paths or handoff wording
library/playbooks/music-moneyball/guests/also.md,podcast/guests/also.md,1bbeb823849f2c25b0d42899d1547cedfe45af0bd7b7c698c9b2fd6ac65b7feb,170f185f3b5543e67b3389a3c514876ae3b81b08f3231c5c7df50b5c3fc9b232,portable paths or handoff wording
library/playbooks/music-moneyball/guests/camille-jamet.md,podcast/guests/camille-jamet.md,6c2497c6c1f9231a81465683618a9204b819b65be1f5da69643f1480930a0176,86126693d27dda81886011a05e323f498e4fc962c5fa28976ccd2fa08a46c27f,portable paths or handoff wording
library/playbooks/music-moneyball/guests/cliff-fluet.md,podcast/guests/cliff-fluet.md,5c9e0bf0c395d8001e7b003b0fc8b2939bbbfb1cdcc253f8f7af8d3dfeb1abd1,de3e5e6ec1b256fa143222fe28f460e5f956cc10c7dd777a5cf82c515921f98a,portable paths or handoff wording
library/playbooks/music-moneyball/guests/cutting-edge-finegan-moross.md,podcast/guests/cutting-edge-finegan-moross.md,2a2d670d37a6060362cb430ad87e0c2a16dd7a31b5c784891ab660fcde17e6c0,bec7885e5925105fc43ebede982515a389f6204fb9b0434b956262a7229a6ddf,portable paths or handoff wording
library/playbooks/music-moneyball/guests/evan-bogart-ciaran-mulligan.md,podcast/guests/evan-bogart-ciaran-mulligan.md,aa1431cf99fd90bbf31463b75b0074996f1f4bf8cb4894c4811d98bec7c4e7a2,63d3f1ab3b510a7d481f22ea9218a487b87f60e85033c744a0826cba43a5d06f,portable paths or handoff wording
library/playbooks/music-moneyball/guests/golnar-khosrowshahi.md,podcast/guests/golnar-khosrowshahi.md,fd79caf996e45f0e6eb3ea0937c9d4e1c79ca1c3eeee34c3f0ff48ed0e0bad8f,cc65ece13293ff449a90d8ce029c439005f47825b8f61ad1bba619f30ab7c693,portable paths or handoff wording
library/playbooks/music-moneyball/guests/jamie-dee-hart.md,podcast/guests/jamie-dee-hart.md,52444930d33a5046be123c01a301d212af1b6b7296e8c0189024acf7d8d6a05a,44776e75fac377b75bea4cba53b80541a312b2295a3bfcc47fa06fe92ccff81d,portable paths or handoff wording
library/playbooks/music-moneyball/guests/josh-gruss.md,podcast/guests/josh-gruss.md,a95d65638c89265952d2da8b4e0ee4875d91cd5f6047b2efa6e1625c1dcefa1c,9f122271b8f7811b26d5d4417fd75140495f717cade5a1635c0fe96739055764,portable paths or handoff wording
library/playbooks/music-moneyball/guests/lior-tibon.md,podcast/guests/lior-tibon.md,697278320f3963a02570e3a6a4b45d084e1793bf39fd541f1162eceb417738e0,e070d4526e10697d55c0932ea6b9c551aee2e5d256926f26ea70bdf65237002e,portable paths or handoff wording
library/playbooks/music-moneyball/guests/matt-herzfeld.md,podcast/guests/matt-herzfeld.md,b3fd226ac5ce0e91f123e1866bc9255a8f86fea462abce973889e195754e3296,be3cf3125403aa03cb76c0c40e83659e90569c57bb88be116eed2695281002ad,portable paths or handoff wording
library/playbooks/music-moneyball/guests/paul-sipio.md,podcast/guests/paul-sipio.md,c0c416fc8793313fdfbdfdd4a82e3148606fe3ee0f2e569bb4b325f60d885c94,1b9083f01a1ee12c4d8cc2ffa9e6d05afd84e8414fa3d3b6f4d7b2bf2e8db80c,portable paths or handoff wording
library/playbooks/music-moneyball/guests/pophouse-fontecha-sundin.md,podcast/guests/pophouse-fontecha-sundin.md,7a8ef5b3f1a4b53e894e0daac71980d95758b41129a53f148d0f4a74c3a5fe6c,8ebdce30ca47a22bce0cd9ee23eec5c8bd57674ed45b437cbea0a388bc05f298,portable paths or handoff wording
library/playbooks/music-moneyball/guests/richard-hinkley.md,podcast/guests/richard-hinkley.md,91b6a3b232d724e52090ecf441e5c087398299374fbac33f472d790e74b0d770,049cd0f29b99fe16af79b07334157340316dd5d87f9d00f5003bca15c6eac564,portable paths or handoff wording
library/playbooks/music-moneyball/guests/sachin-saggar.md,podcast/guests/sachin-saggar.md,634bbf68c6005560fb0d1aba82a0ab25d2df17a74766dc77fd5e6a8166012430,9a1fd9390c01a1c32c7cd343c308618c818524334c62f9642ccd5944d673b517,portable paths or handoff wording
library/playbooks/music-moneyball/hosting-playbook.md,podcast/hosting-playbook.md,e06bcb933f0a9cbac163fd630fbfef7ee43d9707a14f5f0dc16226cb04b1c67d,b78ffa99179a087247a05bdf5084e756308c457248ce1de07bf81357f0f4daf5,portable paths or handoff wording
knowledge/music-rights/funds.md,reference/funds.md,4df179fe827db46eab935d7f6bf4316b974a173890f4b121e62ae9a6619e7b8b,8edd93dd23ba9568575769ea6ea986798b484ccb359a3d4dcb8a9ce224261fd7,portable paths or handoff wording
knowledge/music-rights/principles.md,reference/principles.md,a9a79e230e2e5981ec3934c11299c00129e4c4c9cd22ce6aa4a1f7451e26ce87,53ef8a604c1ac46fa51e22c0139c55e5dde9c4317ec13cd964a42479fb9578c1,portable paths or handoff wording
